{
  "most_frequent_baseline": {
    "val": {
      "accuracy": 0.44375350489127047,
      "f1_weighted": 0.27278503212100147,
      "f1_macro": 0.10245366294358993
    },
    "test": {
      "accuracy": 0.4423218603106744,
      "f1_weighted": 0.27129676598890795,
      "f1_macro": 0.10222449243874011
    }
  },
  "last_event_baseline": {
    "val": {
      "accuracy": 0.4587471701248261,
      "f1_weighted": 0.3411656561701601,
      "f1_macro": 0.33812668659874984
    },
    "test": {
      "accuracy": 0.4579012358489587,
      "f1_weighted": 0.3404212603398043,
      "f1_macro": 0.338231415367836
    }
  },
  "lightgbm": {
    "val": {
      "accuracy": 0.48729515857685834,
      "f1_weighted": 0.3843333124653635,
      "f1_macro": 0.33113420422910084
    },
    "test": {
      "accuracy": 0.4860341804069689,
      "f1_weighted": 0.38343620513621324,
      "f1_macro": 0.3281172899049822
    }
  }
}