{
  "global_mean_baseline": {
    "val": {
      "mae_hours": 4.300072291775164,
      "rmse_hours": 6.4896081209561585,
      "mape_pct": 155.75637504053012
    },
    "test": {
      "mae_hours": 4.293289690393972,
      "rmse_hours": 6.505068649421367,
      "mape_pct": 155.27240994087904
    }
  },
  "last_event_mean_baseline": {
    "val": {
      "mae_hours": 4.276582043133964,
      "rmse_hours": 6.466663193127287,
      "mape_pct": 151.83587522443983
    },
    "test": {
      "mae_hours": 4.270117540972673,
      "rmse_hours": 6.482720178434874,
      "mape_pct": 151.36675484186603
    }
  },
  "lightgbm": {
    "val": {
      "mae_hours": 3.9796271224558857,
      "rmse_hours": 6.184427557997022,
      "mape_pct": 131.44524378927326
    },
    "test": {
      "mae_hours": 3.964549963849938,
      "rmse_hours": 6.206014657130942,
      "mape_pct": 130.38303406762194
    }
  }
}